First Name,Last Name,Username,Student ID,Child Course ID
Trudey,Lortz,tlortz0,800363476,BIO-272-121
Harlene,Blair,hblair1,800780438,BIO-623-834
Electra,Ogilby,eogilby2,800368884,CHEM-118-692
Arvin,Kember,akember3,800789613,BIO-636-606
Guillemette,Sinson,gsinson4,800764443,CHEM-701-657
Kandy,Ciciotti,kciciotti5,800538292,BIO-260-578
Robby,Riseam,rriseam6,800595834,BIO-859-423
Merwin,Cheltnam,mcheltnam7,800990411,CS-599-930
Mickie,Wortley,mwortley8,800646372,BIO-887-895
Kleon,Ragborne,kragborne9,800970324,CHEM-378-440
Pru,Mardall,pmardalla,800276112,BIO-049-114
Thurston,Rein,treinb,800296202,CHEM-488-242
Sarette,Garrison,sgarrisonc,800980630,CS-785-646
Urban,Chismon,uchismond,800411090,BIO-714-953
Lesli,MacAree,lmacareee,800307370,CS-665-326
Zondra,Daviot,zdaviotf,800172773,CHEM-394-974
Henrietta,Snook,hsnookg,800065399,CS-906-548
Lucille,Pellew,lpellewh,800489013,CS-964-509
Latrena,Werndly,lwerndlyi,800522771,CHEM-110-192
Sarine,Drinan,sdrinanj,800960451,CS-775-595
Stephana,Di Baudi,sdibaudik,800500422,CS-541-825
Jeanne,Coot,jcootl,800638255,BIO-665-678
Silvanus,Perree,sperreem,800373205,CHEM-515-161
Tobe,Atkirk,tatkirkn,800636918,BIO-944-715
Enrika,Bannard,ebannardo,800276971,CS-959-588
Tiffi,Farloe,tfarloep,800986879,BIO-517-587
Tedmund,Hawkwood,thawkwoodq,800239572,BIO-618-781
Marlow,Pendrid,mpendridr,800235896,BIO-098-744
Margaret,Emma,memmas,800202049,BIO-026-973
Wald,Jemmett,wjemmettt,800883812,CHEM-653-445
Myrah,Depper,mdepperu,800390210,CHEM-191-871
Selie,O'Lunny,solunnyv,800130459,CHEM-969-177
Ramon,Gussie,rgussiew,800258659,CHEM-806-070
Zabrina,Doddemeede,zdoddemeedex,800852387,CHEM-933-749
Ingeberg,Anstice,iansticey,800511290,BIO-445-578
Edwin,Piddock,epiddockz,800822400,BIO-859-082
Cy,Wyldbore,cwyldbore10,800769390,CS-870-228
Adler,Morsey,amorsey11,800504500,BIO-534-961
Loraine,Trouncer,ltrouncer12,800278858,CHEM-748-182
Llywellyn,Kidstone,lkidstone13,800920095,BIO-405-954
Erny,Bunton,ebunton14,800166209,CS-781-818
Marita,Deluze,mdeluze15,800578206,CS-056-066
Jeff,Donizeau,jdonizeau16,800828026,CHEM-506-911
Casey,Waycott,cwaycott17,800578244,BIO-455-906
Lolita,Peeke-Vout,lpeekevout18,800351660,CS-520-654
Nick,Filchakov,nfilchakov19,800441065,BIO-958-020
Aprilette,Jepps,ajepps1a,800073589,CHEM-435-866
Roseline,Celle,rcelle1b,800481518,BIO-107-689
Dodie,McVicker,dmcvicker1c,800852652,BIO-702-130
Andre,Burn,aburn1d,800373527,CHEM-762-536
Trevor,McMillam,tmcmillam1e,800451746,CHEM-350-222
Nickolas,Oles,noles1f,800472566,BIO-857-070
Nikkie,Bromfield,nbromfield1g,800727153,CS-487-123
Aveline,Leeder,aleeder1h,800947611,CHEM-382-521
Hewe,Risbrough,hrisbrough1i,800144549,BIO-034-113
Alysia,Harborow,aharborow1j,800393897,CS-293-077
De witt,Liles,dliles1k,800107769,BIO-902-044
Philippine,Betancourt,pbetancourt1l,800735241,BIO-232-953
Anni,Fatscher,afatscher1m,800459898,CHEM-863-795
Dante,Semmence,dsemmence1n,800766309,CHEM-770-842
Gilberte,Morriss,gmorriss1o,800584535,CHEM-947-267
Ban,Velasquez,bvelasquez1p,800770349,CHEM-445-879
Noellyn,Montgomery,nmontgomery1q,800393143,BIO-415-460
Simonette,Balhatchet,sbalhatchet1r,800602200,CHEM-266-563
Jerry,Limpricht,jlimpricht1s,800183957,BIO-970-254
Saidee,Linebarger,slinebarger1t,800644111,CS-778-433
Wini,Trays,wtrays1u,800222045,BIO-899-221
Mario,McCaskill,mmccaskill1v,800504193,CHEM-844-627
David,Keal,dkeal1w,800401923,BIO-116-076
Kerby,Surphliss,ksurphliss1x,800408304,CHEM-801-526
Cosetta,Chirm,cchirm1y,800589448,CHEM-736-018
Benni,Berfoot,bberfoot1z,800215237,BIO-320-661
Sheelagh,MacAindreis,smacaindreis20,800111146,CS-530-015
Collie,Denacamp,cdenacamp21,800890232,CS-902-877
Stanislas,Etuck,setuck22,800000084,CHEM-067-760
Dulsea,Flewett,dflewett23,800444866,BIO-080-672
Aubrie,Tirkin,atirkin24,800346824,CS-127-208
Robbi,Melpuss,rmelpuss25,800920407,CHEM-188-160
Trude,Laroux,tlaroux26,800880669,BIO-516-909
Saudra,Churcher,schurcher27,800057768,CS-408-137
Gavan,Attwooll,gattwooll28,800977854,BIO-181-952
Bonnibelle,Grigorushkin,bgrigorushkin29,800844486,BIO-831-323
Andrei,Mattiessen,amattiessen2a,800987084,BIO-004-389
Stephen,Baysting,sbaysting2b,800371015,CHEM-702-115
Ame,Dobrovolny,adobrovolny2c,800332263,CHEM-874-885
Tory,Geratasch,tgeratasch2d,800317114,CHEM-152-261
Giraldo,Gascoigne,ggascoigne2e,800246139,BIO-619-104
Farrell,O'Day,foday2f,800528108,CS-660-825
Roi,Jasper,rjasper2g,800308736,CHEM-116-860
Alys,Lennie,alennie2h,800665227,BIO-323-972
Boyce,Avraam,bavraam2i,800270663,BIO-591-437
Dominga,Steanyng,dsteanyng2j,800898017,CS-004-707
Quent,Millhouse,qmillhouse2k,800372642,BIO-891-984
Toddy,Bercevelo,tbercevelo2l,800225119,CS-634-021
Cross,Potteridge,cpotteridge2m,800197525,BIO-601-658
Bonni,Rookesby,brookesby2n,800163549,BIO-947-255
Atlante,Newns,anewns2o,800745566,CHEM-806-395
Talya,Clow,tclow2p,800022733,BIO-625-129
Mariellen,Hogbin,mhogbin2q,800402953,CS-940-532
Rozanna,Apfler,rapfler2r,800623973,BIO-543-916
Bailie,Baldi,bbaldi2s,800949611,CS-232-648
Adore,Spata,aspata2t,800945823,CHEM-707-191
Rodolph,Cahan,rcahan2u,800188104,CHEM-658-384
Bogart,Arkwright,barkwright2v,800291851,BIO-100-385
Iosep,Juliano,ijuliano2w,800784375,CHEM-830-088
Annnora,Meynell,ameynell2x,800247596,BIO-458-694
Marylou,Pryell,mpryell2y,800792513,BIO-604-622
Cobby,Povah,cpovah2z,800674416,BIO-982-309
Adiana,Wroath,awroath30,800856346,CHEM-804-021
Arnaldo,Barnfield,abarnfield31,800391341,BIO-757-676
Niel,Hugnin,nhugnin32,800853167,BIO-937-013
Randie,Lawee,rlawee33,800501861,CHEM-387-400
Hollie,Upton,hupton34,800095135,CHEM-967-399
Lynsey,Cowlishaw,lcowlishaw35,800181636,CHEM-939-451
Devland,Dunsmuir,ddunsmuir36,800481183,BIO-975-665
Pandora,Hairon,phairon37,800861044,BIO-146-525
Franky,Lukianov,flukianov38,800032333,CHEM-557-469
Viviyan,Anchor,vanchor39,800673654,BIO-059-149
Leland,Jonk,ljonk3a,800328589,CS-580-682
Andre,Eilhersen,aeilhersen3b,800959922,CHEM-442-466
Agnesse,Chateau,achateau3c,800599727,CHEM-482-855
Andrei,Fearnyhough,afearnyhough3d,800061345,CHEM-908-968
Dame,Littlefair,dlittlefair3e,800305155,CS-616-350
Arin,Orteau,aorteau3f,800417962,CS-339-000
Heloise,McUre,hmcure3g,800918615,CHEM-904-157
Gaylord,Dabrowski,gdabrowski3h,800524810,BIO-851-075
Tommi,Ratnage,tratnage3i,800515897,CHEM-405-087
Cindi,Aronson,caronson3j,800386948,CS-888-828
Corie,O'Noulane,conoulane3k,800472996,CS-580-668
Dougie,Huntar,dhuntar3l,800522583,CHEM-671-062
Carolyne,O'Curneen,cocurneen3m,800545655,BIO-168-179
Kennan,Frany,kfrany3n,800243856,CHEM-463-426
Davida,Haselhurst,dhaselhurst3o,800986634,CHEM-665-401
Brina,Jindrich,bjindrich3p,800676917,BIO-349-694
Nico,Mount,nmount3q,800243045,BIO-294-459
Obadiah,Rameau,orameau3r,800231751,CHEM-769-707
Audrye,Ayerst,aayerst3s,800433554,CHEM-326-727
Irving,January,ijanuary3t,800354607,BIO-682-590
Angelia,Varvara,avarvara3u,800528100,BIO-358-366
Yuma,Willan,ywillan3v,800393536,CHEM-883-509
Teodoro,Hardison,thardison3w,800573577,BIO-196-435
Lenna,Kitchingham,lkitchingham3x,800751010,BIO-393-523
Donaugh,Hinkes,dhinkes3y,800309472,BIO-541-979
Elisabeth,Mea,emea3z,800864878,BIO-723-128
Clerissa,Bertome,cbertome40,800264977,CHEM-195-461
Stillman,Hurdedge,shurdedge41,800759481,BIO-826-728
Hyatt,Lum,hlum42,800671735,CS-458-690
Constancia,Yurkin,cyurkin43,800682864,CHEM-535-467
Risa,Yeld,ryeld44,800743787,BIO-029-555
Johnna,Ismay,jismay45,800207861,BIO-848-985
Sacha,Grigoryov,sgrigoryov46,800161202,CHEM-545-573
Moishe,Maylour,mmaylour47,800979379,CS-888-481
Arnie,Blandford,ablandford48,800796205,BIO-844-343
Cynthea,Bazoge,cbazoge49,800830757,CS-214-972
Dacy,Claybourne,dclaybourne4a,800752139,BIO-943-337
Lind,Pavyer,lpavyer4b,800431412,CHEM-464-531
Clemmy,Saundercock,csaundercock4c,800280816,CHEM-833-449
Rodolfo,Helstrip,rhelstrip4d,800469643,CHEM-593-888
Gwenora,Odell,godell4e,800806897,CS-313-191
Elfreda,Mabb,emabb4f,800342766,CHEM-936-248
Shepperd,Halifax,shalifax4g,800323901,BIO-945-460
Kimmi,Haughton,khaughton4h,800394589,BIO-691-828
Davine,Meijer,dmeijer4i,800838788,CS-511-173
Kipp,Murrigans,kmurrigans4j,800246018,CHEM-645-839
Brok,Tomaino,btomaino4k,800721527,CS-619-121
Julie,Dochon,jdochon4l,800372052,BIO-140-675
Chevy,Fears,cfears4m,800339107,BIO-950-232
Vanna,Derricoat,vderricoat4n,800224542,BIO-369-589
Enrika,Shortcliffe,eshortcliffe4o,800304146,CHEM-530-228
Rosalie,Haibel,rhaibel4p,800305122,CHEM-369-108
Beatrice,Tingcomb,btingcomb4q,800352850,BIO-233-968
Myrlene,Kirman,mkirman4r,800928144,CHEM-471-755
Currey,Parfett,cparfett4s,800586272,CHEM-579-972
Allix,Rubury,arubury4t,800062313,CS-431-660
Atlante,Lehrmann,alehrmann4u,800846216,BIO-972-329
Lorenzo,Filippozzi,lfilippozzi4v,800177864,BIO-317-004
Salvidor,Stave,sstave4w,800133710,CS-049-654
Ivette,Davidowich,idavidowich4x,800963282,CHEM-525-203
Sloan,Devitt,sdevitt4y,800587958,CHEM-608-909
Lory,Wellwood,lwellwood4z,800059632,BIO-861-655
Dayna,Alty,dalty50,800136840,BIO-212-173
Aliza,Hofler,ahofler51,800667314,CHEM-964-962
Jane,Robroe,jrobroe52,800821299,CHEM-448-849
Katusha,Maymand,kmaymand53,800963273,BIO-875-920
Dora,Baert,dbaert54,800771824,CHEM-495-200
Fairfax,McCumesky,fmccumesky55,800813584,BIO-305-146
Elroy,Mc Elory,emcelory56,800670132,BIO-019-162
Sonya,Charity,scharity57,800190356,BIO-193-335
Evvy,Sysland,esysland58,800001711,CS-975-676
Perkin,Saleway,psaleway59,800019947,BIO-466-350
Minnaminnie,Ingram,mingram5a,800579629,BIO-262-767
Zachariah,Mickleburgh,zmickleburgh5b,800653795,BIO-592-652
Neddy,Ravilus,nravilus5c,800919383,BIO-693-157
Seth,Tolemache,stolemache5d,800535733,BIO-179-924
Kip,Gutridge,kgutridge5e,800947105,BIO-646-869
Amandie,Garrit,agarrit5f,800297792,CS-425-240
Blair,Butter,bbutter5g,800813156,BIO-035-703
Gaspar,Haker,ghaker5h,800871432,BIO-585-157
Freddie,Moore,fmoore5i,800683216,CS-717-849
Fredric,Gallant,fgallant5j,800561929,BIO-486-499
Ursula,Gladtbach,ugladtbach5k,800651665,BIO-398-682
Brice,Littledike,blittledike5l,800847890,BIO-944-334
Judy,Gietz,jgietz5m,800561892,BIO-281-985
Patty,Girardy,pgirardy5n,800352368,CS-148-688
Auguste,Fishenden,afishenden5o,800268965,BIO-345-849
Carie,Dainty,cdainty5p,800446571,BIO-352-680
Linnie,Yemm,lyemm5q,800064876,BIO-261-581
Laurel,Cohr,lcohr5r,800623298,BIO-595-193
Katrinka,Drewry,kdrewry5s,800147047,BIO-347-063
Betty,Wackett,bwackett5t,800283400,BIO-609-632
Bettina,Athersmith,bathersmith5u,800460706,BIO-369-925
Imogen,Asling,iasling5v,800706057,BIO-527-247
Amie,Dugald,adugald5w,800629294,BIO-854-103
Luca,Hounihan,lhounihan5x,800187385,CS-462-776
Pablo,Blouet,pblouet5y,800259420,BIO-119-761
Dede,Cresswell,dcresswell5z,800504458,BIO-891-229
Ring,Crookes,rcrookes60,800225175,BIO-747-664
Jamie,Petrov,jpetrov61,800435401,CS-749-471
Allan,Swin,aswin62,800145883,CS-501-213
Nerty,Goodge,ngoodge63,800053273,BIO-245-628
Thorny,Rosenfelder,trosenfelder64,800919904,CS-702-551
Enos,Ainslie,eainslie65,800231942,CS-078-386
Rollins,Doghartie,rdoghartie66,800952207,BIO-737-914
Halie,Nell,hnell67,800799912,CHEM-267-391
Kevin,Martschik,kmartschik68,800228488,BIO-927-092
Caria,Phippin,cphippin69,800939438,CHEM-110-665
Eveline,Baptista,ebaptista6a,800729963,BIO-695-695
Edita,Truman,etruman6b,800166528,CS-860-932
Selestina,Anthoine,santhoine6c,800462419,CS-879-102
Hayley,Osband,hosband6d,800661419,BIO-830-566
Mommy,McClymont,mmcclymont6e,800451841,BIO-961-805
Melinde,Wagerfield,mwagerfield6f,800341949,BIO-497-323
Monro,Berrane,mberrane6g,800814235,BIO-025-557
Sloane,Simnel,ssimnel6h,800472038,BIO-245-729
Josias,Pollok,jpollok6i,800603932,BIO-479-334
Candide,Krahl,ckrahl6j,800975474,BIO-835-982
Cassandre,Halford,chalford6k,800611806,BIO-762-197
Korey,Midden,kmidden6l,800624512,CS-107-189
Free,Duffit,fduffit6m,800986984,CHEM-846-152
Clementina,Pinch,cpinch6n,800525621,BIO-641-046
Mendie,Saffran,msaffran6o,800255561,BIO-666-562
Christabel,Langfield,clangfield6p,800713381,BIO-076-568
Oralee,Bennoe,obennoe6q,800648158,BIO-789-875
Jakie,Bartolomivis,jbartolomivis6r,800034361,BIO-481-428
Fanny,Harkes,fharkes6s,800109040,BIO-508-799
Selma,Epdell,sepdell6t,800050859,BIO-230-489
Rustin,Revell,rrevell6u,800005945,BIO-592-962
Fionna,Prentice,fprentice6v,800837636,BIO-699-801
Davie,Restorick,drestorick6w,800599501,BIO-732-408
Barrett,Everwin,beverwin6x,800073445,CHEM-460-483
Nathalia,Sampson,nsampson6y,800789382,CHEM-054-695
Darwin,Lidington,dlidington6z,800415601,CS-449-539
Ludovico,Gammie,lgammie70,800365872,BIO-478-727
Esta,Churly,echurly71,800093427,BIO-098-298
Lindie,Shah,lshah72,800678422,BIO-111-816
Aubrey,Bowmen,abowmen73,800235692,BIO-533-125
Armstrong,Harker,aharker74,800690982,CS-967-504
Melli,Mattiussi,mmattiussi75,800920707,BIO-806-137
Isa,Westmerland,iwestmerland76,800717117,CS-824-180
Lilia,Wadforth,lwadforth77,800983678,BIO-144-572
Jessamyn,Lutty,jlutty78,800703485,BIO-586-343
Norean,Worge,nworge79,800917777,CHEM-767-377
Anallise,Silverstone,asilverstone7a,800074074,BIO-089-092
Giuditta,Freiberg,gfreiberg7b,800980860,BIO-770-906
Stanly,McKernon,smckernon7c,800307910,BIO-760-071
Robert,Losty,rlosty7d,800125503,BIO-672-542
Fraze,McTeague,fmcteague7e,800618443,CS-329-215
Aluino,Darlaston,adarlaston7f,800430511,BIO-640-430
Aurilia,Bettam,abettam7g,800931364,CS-507-585
Cordi,Pashbee,cpashbee7h,800564638,CS-479-024
Odette,Sennett,osennett7i,800933456,CHEM-382-099
Philbert,Charpling,pcharpling7j,800135617,CHEM-439-261
Phyllys,Oliveira,poliveira7k,800544533,CHEM-909-704
Carlota,Creyke,ccreyke7l,800282783,CHEM-996-097
Gibbie,Grayshon,ggrayshon7m,800820141,CHEM-200-524
Reta,Fiddeman,rfiddeman7n,800992142,BIO-028-633
Ian,Leijs,ileijs7o,800311227,BIO-793-483
Patrizio,Carnock,pcarnock7p,800368998,BIO-212-763
Lowrance,De Angelis,ldeangelis7q,800808463,BIO-159-471
Ced,Drury,cdrury7r,800677264,CS-581-258
Kaitlynn,Jackes,kjackes7s,800426347,BIO-324-877
Borg,Brownlee,bbrownlee7t,800555397,CHEM-454-798
Genia,Chubb,gchubb7u,800223865,BIO-248-503
Allegra,O'Keevan,aokeevan7v,800841074,CHEM-622-966
Teri,Lemmertz,tlemmertz7w,800483555,BIO-116-865
Griz,Court,gcourt7x,800444611,CS-161-131
Bogey,Coltan,bcoltan7y,800406923,CS-124-604
Rockie,Esposi,resposi7z,800978900,CS-755-117
Gunilla,Shorten,gshorten80,800450888,CHEM-520-423
Rosene,Brayn,rbrayn81,800263974,CS-829-191
Horten,Watters,hwatters82,800640845,CS-023-691
Carley,Holttom,cholttom83,800335444,BIO-268-068
Woodrow,Autin,wautin84,800144977,CS-915-484
Base,Arnott,barnott85,800756324,BIO-169-469
Jayme,Bourne,jbourne86,800795844,CHEM-833-812
Melicent,Shrive,mshrive87,800594937,BIO-945-699
Britt,Groven,bgroven88,800411652,BIO-943-739
Lynea,Braund,lbraund89,800054982,CS-270-650
Rudie,Esson,resson8a,800436558,BIO-806-813
Karil,Hugonneau,khugonneau8b,800726273,CS-420-184
Shay,Brearty,sbrearty8c,800336528,CS-038-149
Delphine,Dobbin,ddobbin8d,800380228,CS-771-182
Caterina,Cromer,ccromer8e,800051833,CS-869-005
Hoyt,Komorowski,hkomorowski8f,800337900,BIO-738-033
Thelma,Goodwins,tgoodwins8g,800860797,BIO-162-186
Andy,Domegan,adomegan8h,800100057,BIO-356-072
Janette,Dubbin,jdubbin8i,800917595,CHEM-170-995
Maurits,Pinnick,mpinnick8j,800837929,CHEM-567-267
Frasco,Swaine,fswaine8k,800785348,CS-461-697
Reine,Dullingham,rdullingham8l,800410779,CHEM-955-008
Marten,Hassent,mhassent8m,800035736,BIO-743-794
Kimbell,Hughland,khughland8n,800620159,CHEM-586-820
Abra,Gummow,agummow8o,800344260,CS-328-778
Elnore,Stonebanks,estonebanks8p,800394022,CS-985-957
Julietta,Savell,jsavell8q,800793425,CS-880-547
Federico,Lidgett,flidgett8r,800860891,BIO-328-219
Skelly,Caulcutt,scaulcutt8s,800795389,BIO-347-946
Corene,Canfield,ccanfield8t,800524629,BIO-116-106
Kayla,Mughal,kmughal8u,800821783,CHEM-363-483
Evy,McAuslene,emcauslene8v,800815433,BIO-837-152
Amanda,Andrioletti,aandrioletti8w,800188952,BIO-418-078
Lyndsey,Standish,lstandish8x,800104150,CS-720-726
Nilson,Brandts,nbrandts8y,800937669,CHEM-327-731
Ranee,Ride,rride8z,800988771,BIO-935-928
Tamera,Sorton,tsorton90,800368842,CHEM-426-855
Lelah,Hearne,lhearne91,800798596,BIO-996-088
Cecelia,Hrynczyk,chrynczyk92,800349987,BIO-861-726
Gregorio,Kayser,gkayser93,800842268,CHEM-187-537
Skip,Clemmitt,sclemmitt94,800931789,BIO-098-270
Nelia,Normavill,nnormavill95,800478495,CS-886-135
Dorey,Maytum,dmaytum96,800662540,BIO-704-710
Fifi,Easlea,feaslea97,800800569,CS-596-743
Chrystel,Wickson,cwickson98,800179084,CS-985-290
Alvina,Hawkwood,ahawkwood99,800981973,CS-044-819
Kahaleel,Duffell,kduffell9a,800268179,BIO-320-069
Jeniece,Hitscher,jhitscher9b,800047543,BIO-817-736
Siouxie,Olivetti,solivetti9c,800484303,CHEM-861-835
Petronille,Kunath,pkunath9d,800336723,CHEM-343-467
Maxy,Harrington,mharrington9e,800485871,CHEM-490-589
Lyndell,Whalebelly,lwhalebelly9f,800595377,CHEM-837-124
Norris,Albiston,nalbiston9g,800818708,BIO-735-678
Sisile,Hodjetts,shodjetts9h,800168454,CS-870-502
Serge,Faltskog,sfaltskog9i,800980163,BIO-609-214
Lance,oldey,loldey9j,800438157,BIO-827-020
Martie,Proctor,mproctor9k,800428604,BIO-101-657
Ximenes,Hawse,xhawse9l,800687227,BIO-827-672
Darrel,Preist,dpreist9m,800556047,CHEM-228-724
Bord,Deetch,bdeetch9n,800176178,CHEM-514-238
Yasmeen,Hurndall,yhurndall9o,800222645,BIO-957-302
Dane,Barkworth,dbarkworth9p,800036200,BIO-860-466
Giorgio,Blockley,gblockley9q,800624351,CHEM-272-795
Moreen,Tarbet,mtarbet9r,800895875,CHEM-088-104
Irv,Berget,iberget9s,800196368,CS-064-211
Ilyssa,Huard,ihuard9t,800017770,BIO-374-769
Ddene,Whorlow,dwhorlow9u,800608671,CS-945-219
Florri,Chillingworth,fchillingworth9v,800355313,BIO-655-855
Joshia,Driffe,jdriffe9w,800737710,CS-048-570
Merci,Chaperling,mchaperling9x,800834269,BIO-620-991
Mycah,Wickstead,mwickstead9y,800632977,BIO-481-050
Sibel,Hofer,shofer9z,800869538,CHEM-259-144
Eldridge,George,egeorgea0,800162591,CHEM-886-438
Doti,Muffitt,dmuffitta1,800711028,CHEM-402-198
Burk,Ditchfield,bditchfielda2,800344329,CHEM-028-897
Emilie,Skeels,eskeelsa3,800037700,CHEM-256-976
Aubry,Piddocke,apiddockea4,800657863,BIO-596-712
Leda,Verrillo,lverrilloa5,800575549,BIO-874-573
Rinaldo,Shoebridge,rshoebridgea6,800999337,BIO-235-901
Essy,Voden,evodena7,800516945,BIO-621-699
Victoir,Banstead,vbansteada8,800491121,BIO-969-873
Frannie,Obin,fobina9,800346558,BIO-109-406
Mendie,Haddy,mhaddyaa,800569948,BIO-988-916
Doroteya,Upstell,dupstellab,800562586,CS-624-326
Kissee,Petracek,kpetracekac,800141042,BIO-543-037
Sibel,Kegg,skeggad,800442050,CHEM-424-877
Collette,Slate,cslateae,800949030,BIO-360-800
Pacorro,Cattow,pcattowaf,800061885,CS-064-047
Hetti,Lodwig,hlodwigag,800084523,CS-289-085
Vitia,Hackleton,vhackletonah,800412010,BIO-009-003
Ashil,Heditch,aheditchai,800653725,BIO-524-088
Normie,Stonhewer,nstonheweraj,800819996,BIO-007-421
Cahra,Middlebrook,cmiddlebrookak,800725193,CS-147-783
Darcey,Keysel,dkeyselal,800369611,CHEM-987-986
Dena,Keysall,dkeysallam,800701588,BIO-423-451
Alasteir,Ganiclef,aganiclefan,800970926,CHEM-571-953
Cherri,Gatherer,cgathererao,800449565,BIO-644-364
Arty,Corain,acorainap,800709295,CHEM-216-374
Nanete,Oleszczak,noleszczakaq,800808868,CS-982-497
Eveline,Corter,ecorterar,800731260,CHEM-795-106
Holly,Coultous,hcoultousas,800335312,BIO-671-516
Zia,Mushet,zmushetat,800453335,BIO-091-210
Matias,Shuttle,mshuttleau,800098717,BIO-888-926
Shelton,McEntegart,smcentegartav,800389343,CHEM-807-990
Jody,Crasford,jcrasfordaw,800970765,CS-817-665
Gail,Skoughman,gskoughmanax,800270980,BIO-128-375
Janifer,Karpe,jkarpeay,800384127,CS-790-748
Jerrine,Mulroy,jmulroyaz,800162641,CS-670-916
Jessica,Bour,jbourb0,800434321,BIO-028-636
Patti,Goodinge,pgoodingeb1,800309902,CHEM-830-432
Erinn,Byway,ebywayb2,800453815,BIO-886-399
Conrado,Eacle,ceacleb3,800206404,BIO-173-263
Adair,Hearne,ahearneb4,800129082,BIO-649-428
Juliana,Phelipeau,jphelipeaub5,800611907,BIO-891-933
Forrester,Wogden,fwogdenb6,800735648,CHEM-684-910
Betti,Lippitt,blippittb7,800226771,BIO-339-998
Blakelee,Straker,bstrakerb8,800129519,BIO-475-415
Everett,Pizzey,epizzeyb9,800541542,BIO-377-783
Eada,Deas,edeasba,800077008,BIO-157-358
Mattias,Kwiek,mkwiekbb,800767869,CS-711-659
Gardiner,Gascoigne,ggascoignebc,800892972,CHEM-560-939
Nolie,Haster,nhasterbd,800757286,BIO-024-439
Hoyt,Bodicam,hbodicambe,800643922,CHEM-240-093
Vally,Josling,vjoslingbf,800837592,CS-129-455
Valery,Martensen,vmartensenbg,800282718,CHEM-644-290
Ceciley,Absolon,cabsolonbh,800685402,CS-818-442
Goldie,Hearnah,ghearnahbi,800654873,CHEM-530-993
Elmer,Scrimshaw,escrimshawbj,800862540,CHEM-440-330
Ursula,Linfield,ulinfieldbk,800765420,BIO-860-679
Thomasa,Bockin,tbockinbl,800346366,CS-093-541
Lib,Hayer,lhayerbm,800147266,BIO-532-564
Ivor,Jeskin,ijeskinbn,800937443,BIO-904-858
Leigh,Frend,lfrendbo,800191911,BIO-026-950
Maegan,Dolphin,mdolphinbp,800449107,BIO-883-712
Valry,Hallmark,vhallmarkbq,800475166,CHEM-674-285
Gregoire,Sherreard,gsherreardbr,800208361,BIO-592-550
Nichols,Lenton,nlentonbs,800215596,CS-231-309
Jazmin,Covely,jcovelybt,800710700,BIO-632-395
Fernandina,McGriele,fmcgrielebu,800007920,CHEM-493-762
Connie,Cocksedge,ccocksedgebv,800630912,BIO-763-459
Blakelee,Fairleigh,bfairleighbw,800059087,CS-090-303
Ronny,Alldis,ralldisbx,800253245,BIO-006-743
Kaylyn,Errey,kerreyby,800803397,CS-425-303
Saxe,Gane,sganebz,800636585,BIO-485-722
Troy,Stutely,tstutelyc0,800515425,CS-231-434
Cecile,Haughian,chaughianc1,800807140,BIO-069-658
Thom,Patullo,tpatulloc2,800647801,BIO-924-371
Waldo,Wermerling,wwermerlingc3,800330636,CS-911-461
Vivianna,Hartfield,vhartfieldc4,800589335,CS-567-542
Ody,Uden,oudenc5,800036712,BIO-732-548
Leanor,Wessell,lwessellc6,800667549,BIO-554-738
Sutherlan,Ryott,sryottc7,800210779,CS-762-687
Jerad,Boni,jbonic8,800748785,BIO-162-548
Corabel,Sollam,csollamc9,800215660,CHEM-711-579
Albina,Shrubb,ashrubbca,800956783,BIO-666-983
Cele,Penketh,cpenkethcb,800822719,BIO-190-541
Perri,Sreenan,psreenancc,800041594,BIO-745-496
Weston,Surgeoner,wsurgeonercd,800867619,BIO-825-228
Malva,Gobolos,mgobolosce,800952872,BIO-238-592
Jeniffer,Poole,jpoolecf,800151479,CS-742-772
Robbert,McParland,rmcparlandcg,800344446,BIO-665-321
Rurik,Mahaffey,rmahaffeych,800200734,CS-835-262
Delora,Vink,dvinkci,800219322,BIO-669-730
Rania,Fuller,rfullercj,800576162,BIO-620-772
Matilda,Poxson,mpoxsonck,800186064,CHEM-763-995
Kacey,Blincowe,kblincowecl,800698504,CHEM-181-841
Gwenette,Paramor,gparamorcm,800657033,CS-149-103
Orsola,Antonietti,oantonietticn,800079202,CHEM-941-073
Petronella,Sharer,psharerco,800441536,CHEM-735-292
Inigo,Miguet,imiguetcp,800227535,CS-863-548
Candy,Lerven,clervencq,800713890,CS-018-216
Gawain,Windross,gwindrosscr,800024794,BIO-984-270
Raff,Prince,rprincecs,800420629,BIO-151-327
Leanor,Surplice,lsurplicect,800375371,BIO-650-138
Baxie,Rizzone,brizzonecu,800189608,CS-143-095
Kristal,Burris,kburriscv,800140180,BIO-288-135
Edeline,Raveau,eraveaucw,800090364,BIO-304-444
Thacher,Keller,tkellercx,800801258,BIO-737-198
Indira,Burel,iburelcy,800989647,CS-380-033
Darelle,Vigers,dvigerscz,800941518,CS-987-617
Raddy,Hartas,rhartasd0,800170897,BIO-091-780
Corinna,Espinos,cespinosd1,800794148,CHEM-963-384
Kelcie,Padly,kpadlyd2,800387955,BIO-349-503
Talyah,Eykelhof,teykelhofd3,800196005,BIO-896-790
Baily,Winston,bwinstond4,800336219,CHEM-881-393
Kym,Bernaciak,kbernaciakd5,800642882,CHEM-360-710
Kellia,Hardan,khardand6,800497294,BIO-471-496
Ethel,Fauning,efauningd7,800428795,BIO-062-254
Sapphira,McKenney,smckenneyd8,800437153,CHEM-086-444
Raquel,McDonough,rmcdonoughd9,800513920,CHEM-781-199
Allison,Nangle,anangleda,800290325,CS-373-536
Aliza,Sodo,asododb,800806267,CHEM-417-461
Tad,Younghusband,tyounghusbanddc,800884450,BIO-442-274
Maurits,Mence,mmencedd,800320700,BIO-504-233
Klarika,Balmadier,kbalmadierde,800681877,BIO-372-211
Corny,Coston,ccostondf,800718160,CS-246-157
Scarlett,Hurlin,shurlindg,800100502,CHEM-514-033
Orel,Helsby,ohelsbydh,800421499,BIO-273-374
Gerhardt,Hymus,ghymusdi,800052243,CS-034-400
Melloney,Boadby,mboadbydj,800622628,BIO-282-523
Jervis,Cheverton,jchevertondk,800938700,BIO-760-413
Minnie,Edinboro,medinborodl,800213511,CHEM-834-123
Ira,Elgee,ielgeedm,800283642,BIO-926-500
Nichols,Duny,ndunydn,800855486,CS-613-893
Babbette,Ludvigsen,bludvigsendo,800935936,CHEM-654-450
Doe,Casillas,dcasillasdp,800636277,CHEM-391-212
Jayne,Schall,jschalldq,800501580,CHEM-605-301
Sara-ann,Hollows,shollowsdr,800278234,CHEM-165-137
Alain,Necrews,anecrewsds,800933135,BIO-894-018
Ganny,Marvelley,gmarvelleydt,800580359,CHEM-841-306
Pippo,Kleinhaus,pkleinhausdu,800680106,CHEM-411-885
Shandee,Folini,sfolinidv,800734306,CS-756-195
Siusan,Sprowles,ssprowlesdw,800594417,BIO-344-420
Ralina,Sailor,rsailordx,800738325,CHEM-327-106
Bev,Macenzy,bmacenzydy,800093186,BIO-098-825
Nikolia,McLernon,nmclernondz,800737035,CHEM-188-321
Thorny,Tregonna,ttregonnae0,800201409,BIO-993-274
Florinda,Whitelaw,fwhitelawe1,800084356,BIO-716-375
Wanda,Dufaur,wdufaure2,800753997,CS-658-415
Correna,Morefield,cmorefielde3,800887530,CS-341-213
Camile,Bessett,cbessette4,800793003,CS-954-491
Amelia,Rotham,arothame5,800645323,BIO-351-413
Darbie,Lamyman,dlamymane6,800182207,BIO-273-922
Farrah,Grahlman,fgrahlmane7,800357862,CS-840-474
Halley,Lode,hlodee8,800437497,BIO-648-994
Opal,Winchester,owinchestere9,800838719,CHEM-537-132
Waverly,Woolfenden,wwoolfendenea,800423191,BIO-731-065
Gwyneth,Athow,gathoweb,800414958,CS-695-156
Gayla,Koppes,gkoppesec,800222597,BIO-574-409
Amory,Treacher,atreachered,800668373,CS-837-980
Kacy,Cutts,kcuttsee,800910374,CHEM-446-518
Lura,Hainey`,lhaineyef,800142730,CS-081-969
Colas,Roggeman,croggemaneg,800851736,BIO-358-847
Corie,O' Faherty,cofahertyeh,800687787,CS-612-067
Bambi,MacAlpin,bmacalpinei,800097038,BIO-836-949
Aurelea,Sherrin,asherrinej,800548999,BIO-729-281
Orv,Oxtiby,ooxtibyek,800748478,CS-688-412
Trenna,Cajkler,tcajklerel,800004998,CHEM-490-143
Laure,Ritchard,lritchardem,800775007,BIO-864-976
Zeke,Kopec,zkopecen,800649512,CS-945-572
Meris,Alenichicov,malenichicoveo,800726550,CS-256-136
Penny,MacLaig,pmaclaigep,800458808,CHEM-294-883
Mehetabel,Lindstrom,mlindstromeq,800588504,BIO-778-728
Franny,Minero,fmineroer,800318258,BIO-678-881
Maury,Monget,mmongetes,800372354,BIO-708-964
Jeana,Matteacci,jmatteacciet,800879853,BIO-055-709
Woodrow,Salterne,wsalterneeu,800937942,BIO-705-492
Frances,Stollard,fstollardev,800915246,BIO-485-571
Bianca,Caltun,bcaltunew,800592687,CS-931-069
Duane,Nealon,dnealonex,800306349,BIO-845-180
Audry,Olenchikov,aolenchikovey,800952492,CS-675-449
Magdalene,Whitesel,mwhiteselez,800897921,CS-425-096
Hersch,Fairney,hfairneyf0,800779126,BIO-840-287
Korella,Banfield,kbanfieldf1,800586644,BIO-326-249
Hersh,Powlett,hpowlettf2,800334681,CS-285-897
Marika,Klimczak,mklimczakf3,800265450,BIO-566-507
Albertina,Weakley,aweakleyf4,800376164,CS-472-924
Reyna,Hebbard,rhebbardf5,800793808,CHEM-355-392
Kanya,Carruth,kcarruthf6,800132542,CS-316-429
Beverie,Guilayn,bguilaynf7,800074571,BIO-260-602
Amalie,Budnk,abudnkf8,800809148,CHEM-427-967
Addia,Tomasi,atomasif9,800180333,CS-424-881
Nessie,Stote,nstotefa,800723331,BIO-577-491
Wilden,Laurence,wlaurencefb,800227443,CS-732-923
Berrie,Cartmael,bcartmaelfc,800233118,CS-744-753
Libbie,Rieger,lriegerfd,800814991,CHEM-025-671
Silvanus,Dows,sdowsfe,800234229,BIO-644-472
Clemmy,Stride,cstrideff,800845229,CS-292-975
Fowler,Sayre,fsayrefg,800818525,BIO-318-097
Waite,Guilloneau,wguilloneaufh,800999114,CS-187-342
Neila,Betteriss,nbetterissfi,800219348,CS-545-814
Basil,De Gregorio,bdegregoriofj,800742957,CS-009-321
Waylan,Rowling,wrowlingfk,800483365,BIO-567-841
Reinald,Christer,rchristerfl,800071362,BIO-280-644
Noni,Iggo,niggofm,800510121,CHEM-227-309
Ailina,Slocombe,aslocombefn,800176697,CHEM-004-819
Gregory,Volker,gvolkerfo,800285863,CHEM-837-962
Paulie,Valder,pvalderfp,800888944,CS-725-988
Man,Millan,mmillanfq,800125900,CHEM-759-701
Ernestine,Moogan,emooganfr,800398886,BIO-227-206
Shelley,Varfolomeev,svarfolomeevfs,800581007,BIO-713-997
Thomasin,Phebey,tphebeyft,800647245,CS-802-675
Dan,Sivyour,dsivyourfu,800405385,BIO-010-968
Shurlock,Hammand,shammandfv,800124322,BIO-022-773
Vannie,Trousdell,vtrousdellfw,800373007,CS-470-226
Josepha,Lutman,jlutmanfx,800558156,BIO-875-712
Rebecka,Axelbey,raxelbeyfy,800552926,BIO-943-150
Laurence,Johantges,ljohantgesfz,800893714,BIO-102-036
Sayre,Dilgarno,sdilgarnog0,800439587,BIO-077-352
Betta,Delgua,bdelguag1,800152788,CS-790-324
Cassandre,Gerred,cgerredg2,800458900,BIO-095-594
Briant,Suche,bsucheg3,800452825,CS-589-672
Gilberte,MacGaffey,gmacgaffeyg4,800039650,BIO-229-619
Creight,Zamudio,czamudiog5,800522877,CHEM-658-342
Vale,Muffitt,vmuffittg6,800101352,CHEM-869-652
Thayne,Peto,tpetog7,800862671,BIO-273-284
Nikos,Condie,ncondieg8,800456647,CHEM-318-832
Mattie,Arpin,marping9,800803034,BIO-211-880
Von,Wortt,vworttga,800424615,CS-569-018
Bill,Werlock,bwerlockgb,800134401,BIO-635-120
Florina,Obal,fobalgc,800385524,CHEM-244-917
Maddy,Agget,maggetgd,800127850,BIO-942-996
Crystie,Cummungs,ccummungsge,800110509,CS-178-225
Ina,Godmer,igodmergf,800054662,BIO-233-519
Dulciana,Ladd,dladdgg,800693192,CHEM-373-047
Debee,Brimilcome,dbrimilcomegh,800915811,BIO-471-173
Mark,Helleker,mhellekergi,800881936,CHEM-908-783
Gardiner,Gehrtz,ggehrtzgj,800876156,BIO-110-514
Nara,Roantree,nroantreegk,800515744,CHEM-115-173
Sydel,Hynard,shynardgl,800041312,BIO-254-795
Waylin,Spurden,wspurdengm,800020796,BIO-206-540
Alayne,Gorry,agorrygn,800597344,CS-568-922
Carce,Onion,coniongo,800215973,BIO-744-854
Rickard,Addyman,raddymangp,800704876,BIO-343-575
Tine,Visick,tvisickgq,800693292,BIO-906-140
Brittany,Whetton,bwhettongr,800284616,CHEM-483-439
Alano,Leckie,aleckiegs,800343431,BIO-556-323
Wilow,Barrick,wbarrickgt,800980555,CHEM-785-483
Kit,Fox,kfoxgu,800278483,BIO-143-809
Stella,Josh,sjoshgv,800471113,CS-912-643
Karrah,McGaraghan,kmcgaraghangw,800567208,CHEM-170-022
Marquita,Jubert,mjubertgx,800566147,BIO-002-665
Bride,Lanyon,blanyongy,800463951,CHEM-962-549
Dell,Lambis,dlambisgz,800436693,BIO-500-524
Reidar,Zarfat,rzarfath0,800374516,BIO-678-741
Janice,Benardette,jbenardetteh1,800359878,BIO-516-380
Laurianne,Taffee,ltaffeeh2,800715463,CS-312-766
Aindrea,Signore,asignoreh3,800635167,BIO-726-272
Thayne,Fridaye,tfridayeh4,800259983,BIO-251-113
Nils,Stopp,nstopph5,800200991,CS-673-096
Yard,Durran,ydurranh6,800083537,BIO-255-209
Prudi,Baptist,pbaptisth7,800161934,BIO-086-314
Felike,Letertre,fletertreh8,800249200,BIO-847-998
Maurie,Tregust,mtregusth9,800712720,BIO-913-617
Scottie,Efford,seffordha,800927811,BIO-238-400
Patrice,Valsler,pvalslerhb,800120373,CHEM-914-172
Judah,Rouge,jrougehc,800692410,BIO-236-798
Reginauld,Jachimczak,rjachimczakhd,800376601,CS-821-778
Cornie,Darkins,cdarkinshe,800781648,CHEM-060-890
Bobbie,Bloxham,bbloxhamhf,800441135,BIO-398-104
Barry,Mingard,bmingardhg,800197423,BIO-223-238
Devondra,Meriot,dmeriothh,800871541,CS-216-944
Earlie,Janicek,ejanicekhi,800039641,CS-536-377
Zonnya,Willeman,zwillemanhj,800687189,CHEM-630-570
Hadlee,Ruegg,hruegghk,800886445,CHEM-226-687
Junia,Quadri,jquadrihl,800468734,CS-912-071
Nevile,Greystoke,ngreystokehm,800840512,CHEM-894-145
Terrance,Dannatt,tdannatthn,800847958,CHEM-903-461
Emmalyn,Aggett,eaggettho,800333786,BIO-354-419
Ward,Balcon,wbalconhp,800945637,CS-748-723
Fiorenze,Abell,fabellhq,800759512,BIO-297-534
Goober,Cawthorne,gcawthornehr,800899628,CS-247-884
Alejandra,Snugg,asnugghs,800860013,BIO-200-856
Tucky,Dredge,tdredgeht,800580686,BIO-440-755
Herminia,Ewbach,hewbachhu,800358401,CS-712-922
Aleta,Botwood,abotwoodhv,800384745,BIO-450-968
Allis,Fishlee,afishleehw,800108658,BIO-043-578
Gerek,Yorke,gyorkehx,800935100,CS-901-727
Barbara-anne,Durston,bdurstonhy,800190684,CS-794-758
Geoffry,Myhan,gmyhanhz,800455576,BIO-112-469
Korry,O'Hannigan,kohannigani0,800274466,BIO-895-309
Drona,Kraft,dkrafti1,800354367,CS-174-300
Merci,Steere,msteerei2,800434245,CHEM-569-919
Mackenzie,Stilliard,mstilliardi3,800956935,BIO-148-979
Deloris,Pol,dpoli4,800676425,CHEM-098-956
Devina,Standidge,dstandidgei5,800563433,CHEM-661-803
Shelagh,Mitchell,smitchelli6,800835450,CHEM-939-962
Benedetta,Caton,bcatoni7,800219893,CS-651-928
Marna,Spaice,mspaicei8,800342665,CHEM-791-193
Collen,Cauldwell,ccauldwelli9,800701901,CHEM-772-868
Penrod,Quant,pquantia,800563273,BIO-784-634
Skell,McIndrew,smcindrewib,800021414,BIO-180-928
Ede,Deeman,edeemanic,800612791,BIO-146-925
Hermina,Gissing,hgissingid,800615815,CS-192-855
Colet,Linskill,clinskillie,800316922,BIO-319-627
Rhetta,Cardoe,rcardoeif,800063198,BIO-437-614
Gillian,Mc Corley,gmccorleyig,800392747,CS-158-862
Maressa,Lavalde,mlavaldeih,800476676,BIO-533-512
Chick,Stepto,csteptoii,800135278,BIO-542-396
Cece,Chorlton,cchorltonij,800981246,CS-772-043
Levon,Prickett,lprickettik,800111856,BIO-649-499
Burton,Castell,bcastellil,800988039,CS-667-914
Gayler,Yanyshev,gyanyshevim,800684728,CS-123-620
Wanda,Habishaw,whabishawin,800757448,BIO-173-800
Carr,Filkov,cfilkovio,800753705,BIO-938-354
Harriette,Le Grove,hlegroveip,800878432,CS-457-757
Ransell,Stirman,rstirmaniq,800920723,CS-541-299
Nicola,Acland,naclandir,800379348,CS-829-440
Ophelia,Hallbird,ohallbirdis,800563883,BIO-811-554
Ned,Bilt,nbiltit,800310325,BIO-870-078
Hermione,Butchard,hbutchardiu,800094081,BIO-506-195
Mikol,Guerreru,mguerreruiv,800880370,BIO-819-785
Inness,Banstead,ibansteadiw,800224301,CHEM-230-126
Koralle,Pickersail,kpickersailix,800679558,CHEM-557-929
Jewel,Martyntsev,jmartyntseviy,800400933,BIO-170-429
Sophie,Arent,sarentiz,800878532,CS-822-981
Jemmy,Creech,jcreechj0,800180369,BIO-962-297
Clevey,Prothero,cprotheroj1,800147292,BIO-738-311
Redford,Bravington,rbravingtonj2,800650972,BIO-146-932
Mitchel,Vasilechko,mvasilechkoj3,800625974,CHEM-731-287
Herman,Prangle,hpranglej4,800725741,BIO-045-938
Dotty,Palffy,dpalffyj5,800686151,BIO-144-162
Jobina,Boxill,jboxillj6,800748432,CHEM-438-877
Merv,Docwra,mdocwraj7,800358058,CS-412-861
Madel,Delamar,mdelamarj8,800121883,CS-543-114
Sibylla,Knifton,skniftonj9,800651737,BIO-952-638
Lyndsay,Lattka,llattkaja,800098171,BIO-705-825
Tiphani,Sharper,tsharperjb,800396992,BIO-640-039
Grove,Wrench,gwrenchjc,800943385,CHEM-532-849
Mead,Siverns,msivernsjd,800703641,CHEM-679-167
Radcliffe,Sutherby,rsutherbyje,800395193,CS-268-868
Carlina,Conyer,cconyerjf,800256072,CHEM-935-879
Olia,Pace,opacejg,800111163,BIO-137-822
Rafaelia,Henriksson,rhenrikssonjh,800454231,CS-549-402
Corinne,Derisly,cderislyji,800522142,BIO-030-681
Lindi,Brittian,lbrittianjj,800912128,CS-574-602
Zilvia,Malcolm,zmalcolmjk,800174694,BIO-535-365
Raddy,Flannigan,rflanniganjl,800743911,CHEM-943-585
Nara,Cutten,ncuttenjm,800136388,CS-845-721
Arnie,Weekley,aweekleyjn,800465739,CS-039-705
Eleanor,Chastagnier,echastagnierjo,800728233,BIO-733-556
Wiley,Stowers,wstowersjp,800690977,BIO-684-259
Rafa,Buche,rbuchejq,800789086,BIO-816-103
Cordie,de Keyser,cdekeyserjr,800724884,CHEM-154-371
Kristy,Autry,kautryjs,800707258,CS-942-554
Cullin,Flewan,cflewanjt,800642695,BIO-258-569
Eb,Ruprechter,eruprechterju,800904148,CS-113-905
Jamie,Natwick,jnatwickjv,800585551,CS-963-059
Tiphanie,Loker,tlokerjw,800672122,CS-195-290
Alfred,Lansbury,alansburyjx,800453234,CS-215-499
Layton,Caseborne,lcasebornejy,800832507,BIO-779-549
Alfi,Grewar,agrewarjz,800007691,BIO-513-366
Tanhya,Freeborn,tfreebornk0,800677986,CHEM-255-915
Joannes,Brafield,jbrafieldk1,800519185,CS-718-163
Bartel,Goodrum,bgoodrumk2,800526122,BIO-897-333
Dinah,Sirr,dsirrk3,800013475,BIO-954-000
Lamar,Reiners,lreinersk4,800351688,CS-347-912
Filberto,Flecknell,fflecknellk5,800715690,CS-565-255
Corrinne,Minards,cminardsk6,800409591,CHEM-385-919
Colly,Leasor,cleasork7,800356200,CHEM-154-132
Claudie,Mixter,cmixterk8,800561026,BIO-051-475
Diane-marie,O'Keevan,dokeevank9,800496552,BIO-075-388
Jakie,Ducham,jduchamka,800901863,CS-697-502
Davide,Lytton,dlyttonkb,800097015,CS-108-728
Cullin,Novakovic,cnovakovickc,800771102,CHEM-206-977
Corinne,Wimbridge,cwimbridgekd,800253763,BIO-381-631
Kinna,Plenty,kplentyke,800678067,BIO-099-992
Elbertina,Madelin,emadelinkf,800064541,CHEM-688-996
Torrie,Benbough,tbenboughkg,800901916,BIO-131-728
Laughton,Wiffill,lwiffillkh,800744104,CHEM-373-159
Paten,Waldren,pwaldrenki,800960885,BIO-235-162
Harriott,Grolle,hgrollekj,800397235,CS-044-100
Glen,Richford,grichfordkk,800452117,BIO-955-428
Haily,Margarson,hmargarsonkl,800754583,BIO-307-000
Shermie,Arnaldy,sarnaldykm,800217150,CHEM-575-667
Harold,Garthside,hgarthsidekn,800036373,CHEM-061-698
Justinian,Gannaway,jgannawayko,800017450,BIO-685-926
Buckie,Kissick,bkissickkp,800141547,BIO-764-010
Sacha,Ronaghan,sronaghankq,800619722,CS-929-292
Geralda,Dunbar,gdunbarkr,800230687,BIO-931-992
Krissy,Trundell,ktrundellks,800053103,CHEM-954-605
Johnette,Henstridge,jhenstridgekt,800387517,BIO-837-378
Ertha,Dysart,edysartku,800364299,BIO-278-498
Lisle,Baudin,lbaudinkv,800830128,CS-249-164
Adham,Lapthorn,alapthornkw,800962031,CS-977-067
Katharina,Fauning,kfauningkx,800209750,BIO-058-116
Michal,Wilkes,mwilkesky,800670937,CHEM-606-388
Kore,Vivian,kviviankz,800792866,CS-543-782
Bobinette,Baillie,bbailliel0,800668670,BIO-638-536
Muffin,Steddall,msteddalll1,800031771,CS-216-901
Chantalle,Merrington,cmerringtonl2,800043217,CHEM-219-791
Drake,Kingsman,dkingsmanl3,800388063,BIO-861-954
Juanita,Piggens,jpiggensl4,800688008,BIO-821-491
Adrienne,Watmough,awatmoughl5,800386525,CS-253-995
Clemens,Matczak,cmatczakl6,800264205,BIO-861-522
Danny,Fiorentino,dfiorentinol7,800461817,CS-838-978
Gilli,Ganter,gganterl8,800826452,CHEM-801-915
Pierette,Skippon,pskipponl9,800552799,CS-867-534
Bari,Kitchinghan,bkitchinghanla,800087613,BIO-338-101
Janaya,Mounfield,jmounfieldlb,800353395,CS-274-430
Roberto,Shadrack,rshadracklc,800791494,CS-962-521
Obadiah,Byron,obyronld,800307287,CS-143-365
Constance,Padberry,cpadberryle,800940751,BIO-283-284
Salomone,Blood,sbloodlf,800188775,CHEM-435-486
Gabriello,Di Meo,gdimeolg,800580472,BIO-376-575
Mile,Portlock,mportlocklh,800907990,CHEM-645-975
Almeda,Python,apythonli,800151075,CHEM-548-077
Sisely,Castle,scastlelj,800667862,BIO-827-371
Bernadina,Swinnard,bswinnardlk,800254895,BIO-863-751
Dorian,Thaw,dthawll,800841587,BIO-694-328
Edouard,Kirley,ekirleylm,800498896,CS-707-389
Forest,Tatters,ftattersln,800095151,CHEM-030-011
Adriane,Twidle,atwidlelo,800611643,CHEM-840-233
Ginger,Megarrell,gmegarrelllp,800469484,BIO-157-073
Charo,Blackaller,cblackallerlq,800862142,CS-411-789
Arlyne,Polgreen,apolgreenlr,800393775,CS-254-748
Rebecka,Itscowics,ritscowicsls,800971140,BIO-764-507
Annemarie,Braybrook,abraybrooklt,800104177,CHEM-409-029
Tatiana,Loyd,tloydlu,800914036,BIO-249-165
Ashia,Cayzer,acayzerlv,800920458,CS-364-437
Isabeau,Behninck,ibehnincklw,800599575,BIO-527-533
Nico,Radmore,nradmorelx,800753008,BIO-605-421
Domenic,Duran,dduranly,800442426,BIO-119-866
Desirae,Bedminster,dbedminsterlz,800973977,BIO-745-066
Doris,Mynard,dmynardm0,800541636,CHEM-956-503
Stephanie,Whyborn,swhybornm1,800903713,BIO-804-948
Glyn,Canto,gcantom2,800646069,BIO-139-239
Dennison,Dolling,ddollingm3,800109500,BIO-195-717
Tiena,Every,teverym4,800582543,BIO-020-333
Alfie,Beaufoy,abeaufoym5,800013797,CHEM-898-430
Saundra,Epton,septonm6,800485581,CHEM-646-325
Stephanie,Maddin,smaddinm7,800004041,BIO-958-669
Jamie,Prinne,jprinnem8,800034316,CS-147-452
Elvera,Wingar,ewingarm9,800638201,BIO-633-130
Hermie,Topping,htoppingma,800987188,BIO-775-030
Maynord,Larvor,mlarvormb,800038829,BIO-318-330
Natale,Shurville,nshurvillemc,800949931,CS-620-359
Buckie,Looks,blooksmd,800695875,BIO-506-833
Alden,Busfield,abusfieldme,800072239,CS-170-589
Hiram,Beynkn,hbeynknmf,800309394,CS-256-983
Neysa,Toal,ntoalmg,800352894,CS-674-123
Waiter,Skrzynski,wskrzynskimh,800168079,CHEM-418-112
Allen,Danilchev,adanilchevmi,800698436,CS-421-434
Wanids,Fishley,wfishleymj,800691761,BIO-856-881
Ardys,Ricson,aricsonmk,800595666,CHEM-790-309
Jacklin,Garrud,jgarrudml,800804988,BIO-768-646
Marylin,Castellini,mcastellinimm,800951486,CHEM-906-346
Lorinda,Wakeman,lwakemanmn,800386508,BIO-678-727
Ashely,Geane,ageanemo,800800718,CS-020-282
Charlena,Langtry,clangtrymp,800769744,BIO-824-497
Chelsy,Audry,caudrymq,800153534,BIO-550-687
Gillan,Hartzenberg,ghartzenbergmr,800533203,CHEM-817-634
Humphrey,Tidy,htidyms,800246998,CS-028-551
Lilllie,Jandera,ljanderamt,800941610,CS-888-210
Odell,Turland,oturlandmu,800451151,BIO-028-358
Deloria,Faichnie,dfaichniemv,800071146,CHEM-150-434
Haslett,Corby,hcorbymw,800031885,BIO-726-291
Iver,Polin,ipolinmx,800801414,BIO-662-920
Abigail,Padginton,apadgintonmy,800714355,CHEM-122-534
Jobie,Digle,jdiglemz,800779572,CHEM-626-821
Sibbie,Dimitresco,sdimitrescon0,800644836,CS-400-385
Dominique,Hanny,dhannyn1,800026631,CHEM-063-806
Jammal,Shenton,jshentonn2,800684183,BIO-056-678
Randell,Marson,rmarsonn3,800331645,CHEM-933-995
Alison,Obal,aobaln4,800020757,CS-222-163
Finn,Carstairs,fcarstairsn5,800879276,CHEM-594-000
Ludvig,Safont,lsafontn6,800881180,CS-995-507
Pren,Ackenhead,packenheadn7,800464580,BIO-085-894
Nikki,Woolmer,nwoolmern8,800532246,CHEM-694-804
Carla,Hinrichs,chinrichsn9,800845706,BIO-299-589
Annemarie,Danihel,adanihelna,800606615,BIO-454-941
Earlie,Dytham,edythamnb,800177194,CS-111-014
Mia,Chalk,mchalknc,800298766,CHEM-437-695
Paco,Broomer,pbroomernd,800900285,CS-387-469
Lilias,Killigrew,lkilligrewne,800220690,CHEM-023-232
Gayleen,Human,ghumannf,800871166,BIO-216-693
Paxton,Covey,pcoveyng,800837256,BIO-896-051
Meredeth,Chandler,mchandlernh,800949101,BIO-653-673
Rollin,Probate,rprobateni,800521351,BIO-520-740
Lanni,Stiles,lstilesnj,800418507,CHEM-015-587
Miguelita,Falcus,mfalcusnk,800523530,BIO-820-609
Queenie,Crome,qcromenl,800016486,CHEM-071-502
Tiffanie,MacDowall,tmacdowallnm,800946345,CHEM-541-628
Archaimbaud,Seiter,aseiternn,800983068,CS-328-007
Genovera,Van den Broek,gvandenbroekno,800941892,CHEM-672-087
Sybille,Brimner,sbrimnernp,800980617,CS-133-332
Catlin,McCreagh,cmccreaghnq,800425209,BIO-809-805
Isadora,Duffill,iduffillnr,800919020,BIO-895-060
Elisabet,Gyver,egyverns,800213852,CHEM-768-630
Catie,Olenov,colenovnt,800682746,BIO-386-259
Tracy,Farnin,tfarninnu,800041898,CHEM-520-866
Lincoln,Gash,lgashnv,800487350,CHEM-282-479
James,Tosney,jtosneynw,800540702,BIO-887-749
Austina,Hedgecock,ahedgecocknx,800817499,CS-983-867
Gena,Dunbobbin,gdunbobbinny,800221338,CHEM-914-065
Gerhardine,Hubbock,ghubbocknz,800391179,CS-883-321
Ethelda,Pennoni,epennonio0,800098538,BIO-861-588
Alric,MacAlpine,amacalpineo1,800337090,BIO-519-065
Pamelina,Oloshin,poloshino2,800088809,BIO-248-998
Clarisse,Belverstone,cbelverstoneo3,800819883,BIO-399-877
Derk,Maggill'Andreis,dmaggillandreiso4,800539476,CS-696-473
Nelie,Demcik,ndemciko5,800294322,BIO-916-490
Hussein,Yakuntzov,hyakuntzovo6,800484287,CHEM-129-479
Gwenora,Farrens,gfarrenso7,800382448,CHEM-422-523
Lyndsey,Orwin,lorwino8,800533339,BIO-510-116
Vern,Skeats,vskeatso9,800316839,BIO-743-447
Walther,Nisot,wnisotoa,800342295,CHEM-153-075
Dede,Knutsen,dknutsenob,800029513,CHEM-370-587
Mitchael,Vango,mvangooc,800781064,BIO-153-137
Arturo,Fish,afishod,800046084,BIO-482-822
Tybie,Gratten,tgrattenoe,800681826,CHEM-484-556
Maximilian,Heare,mheareof,800038291,BIO-454-340
Vere,Antonchik,vantonchikog,800132819,CS-492-839
Rich,Canaan,rcanaanoh,800303912,BIO-809-012
Dacey,Croster,dcrosteroi,800221576,CS-255-765
Bart,Lording,blordingoj,800544146,BIO-996-604
Kimball,McNickle,kmcnickleok,800122612,CHEM-260-603
Nicko,Le Leu,nleleuol,800251726,BIO-822-152
Elmore,Timmes,etimmesom,800503779,CS-712-407
Judi,McClunaghan,jmcclunaghanon,800150575,BIO-422-692
Curry,Dandison,cdandisonoo,800194847,CHEM-008-953
Wildon,Spikins,wspikinsop,800266719,CS-287-476
Lisle,Gair,lgairoq,800329453,BIO-189-485
Ruperto,Piatkow,rpiatkowor,800868362,CS-320-880
Rudolf,Zamora,rzamoraos,800303689,CS-050-808
Lucretia,Raiment,lraimentot,800683259,BIO-663-148
Gerianna,Attyeo,gattyeoou,800108649,CS-864-058
Marney,Thompson,mthompsonov,800813974,CS-981-577
Rosalyn,Torbard,rtorbardow,800137998,CHEM-684-735
Nani,MacDougal,nmacdougalox,800508601,CHEM-026-202
Sherline,Featherstonehaugh,sfeatherstonehaughoy,800612266,CHEM-432-973
Farica,Doag,fdoagoz,800617210,CS-440-099
Julieta,Jozefiak,jjozefiakp0,800896345,BIO-220-348
Joanne,Gerry,jgerryp1,800614292,CHEM-692-198
Antone,Pratchett,apratchettp2,800017029,BIO-161-722
Kaja,Free,kfreep3,800229185,CHEM-434-949
Camilla,Toller,ctollerp4,800708249,BIO-965-345
Juana,Cadamy,jcadamyp5,800959664,CS-418-498
Maurizio,Cromwell,mcromwellp6,800602792,BIO-223-388
Evaleen,Firmager,efirmagerp7,800154484,BIO-454-715
Ardis,Yakovich,ayakovichp8,800436152,BIO-221-531
Edlin,Sprosson,esprossonp9,800113756,CS-465-128
Janos,Alywen,jalywenpa,800857240,CS-608-315
Crystal,Ollarenshaw,collarenshawpb,800860834,CS-192-314
Orelia,Mann,omannpc,800566388,BIO-272-552
Yetta,Glading,ygladingpd,800697296,CS-954-091
Troy,McIlhatton,tmcilhattonpe,800780770,BIO-961-858
Jena,Summerly,jsummerlypf,800879998,CS-453-334
Aube,Wittey,awitteypg,800508488,BIO-741-699
Shell,Garrettson,sgarrettsonph,800033762,BIO-155-785
Estel,Fownes,efownespi,800033476,BIO-919-271
Pavel,Scneider,pscneiderpj,800269095,CHEM-709-430
Tammy,Ranscome,transcomepk,800791680,CHEM-878-751
Arnold,Porcas,aporcaspl,800678428,BIO-884-532
Sheff,Tomaello,stomaellopm,800773767,CHEM-332-702
Hesther,Copplestone,hcopplestonepn,800799292,BIO-422-201
Beilul,Moorman,bmoormanpo,800350627,BIO-602-506
Jo-anne,Methley,jmethleypp,800306420,BIO-050-010
Bernete,Meiklejohn,bmeiklejohnpq,800232156,BIO-829-899
Demetra,Peete,dpeetepr,800388833,CS-749-997
Liuka,Bell,lbellps,800798304,CS-416-067
Brandtr,Duggary,bduggarypt,800031721,BIO-759-117
Jordanna,Row,jrowpu,800508453,BIO-193-534
Livvyy,Bridgens,lbridgenspv,800397328,BIO-951-651
Cedric,Browncey,cbrownceypw,800237655,CHEM-039-320
Dorri,Benford,dbenfordpx,800716492,BIO-670-780
Brittne,Sibbons,bsibbonspy,800405749,BIO-998-020
Philis,Gouley,pgouleypz,800821053,CHEM-248-992
Chere,Trillo,ctrilloq0,800790518,CS-010-854
Aurore,Wainwright,awainwrightq1,800789654,CHEM-596-679
Nikoletta,Bance,nbanceq2,800971850,CS-037-468
Brenn,Bierman,bbiermanq3,800834824,BIO-461-191
Christophe,Schnitter,cschnitterq4,800503272,CHEM-982-181
Rosanna,Jills,rjillsq5,800919422,BIO-837-920
Laughton,Armfirld,larmfirldq6,800201866,BIO-654-641
Rorke,Carlisi,rcarlisiq7,800787133,CS-084-418
Orv,Craine,ocraineq8,800633237,CHEM-428-040
Francisco,Delcastel,fdelcastelq9,800190821,CHEM-397-495
Cristen,Minero,cmineroqa,800981863,BIO-129-896
Patrice,Dorney,pdorneyqb,800300855,CS-110-849
Phedra,Chopping,pchoppingqc,800702805,CS-876-907
Major,Organer,morganerqd,800593996,BIO-149-560
Melisse,Barbary,mbarbaryqe,800816025,CS-091-065
Coriss,Sanbrook,csanbrookqf,800746143,CS-415-111
Hayes,Pavey,hpaveyqg,800234475,BIO-617-461
Sollie,Dunnico,sdunnicoqh,800042266,BIO-266-644
Aurelia,Simonitto,asimonittoqi,800352955,BIO-939-862
Ethelred,Duffit,eduffitqj,800722983,BIO-050-893
Torrance,Karchewski,tkarchewskiqk,800855053,CS-079-533
Sanderson,Chedgey,schedgeyql,800669311,BIO-400-484
Cecil,Witling,cwitlingqm,800122341,CS-036-453
James,Bownas,jbownasqn,800203944,CS-185-415
Hilda,Parken,hparkenqo,800890747,BIO-434-779
Serge,Alyutin,salyutinqp,800966584,CHEM-482-294
Christal,Tydeman,ctydemanqq,800609927,BIO-290-839
Gloria,Klimowicz,gklimowiczqr,800690617,BIO-569-594
Gordan,Scothorne,gscothorneqs,800751465,CHEM-442-577
Von,Kilgallen,vkilgallenqt,800503800,CS-750-777
Babette,Ferras,bferrasqu,800754099,BIO-535-243
Melesa,Moyles,mmoylesqv,800976243,BIO-334-054
Jacinthe,Schimaschke,jschimaschkeqw,800029507,BIO-669-140
Leshia,Laurance,llauranceqx,800052649,BIO-846-353
Flem,Danslow,fdanslowqy,800647816,CS-939-914
Vinson,Labuschagne,vlabuschagneqz,800829230,CS-371-910
Britta,Housecraft,bhousecraftr0,800428125,CS-057-835
Fan,O'Loghlen,fologhlenr1,800554365,BIO-869-865
Crista,Roscoe,croscoer2,800884507,CS-035-852
Perri,Treat,ptreatr3,800447821,BIO-660-334
Iain,Willingam,iwillingamr4,800340650,BIO-191-263
Liv,Redhills,lredhillsr5,800384020,BIO-798-695
Claudette,Zanassi,czanassir6,800736679,CS-250-757
Sibella,Mansel,smanselr7,800875223,CS-964-432
Jorey,Shelbourne,jshelbourner8,800151410,BIO-983-474
Dusty,Mussettini,dmussettinir9,800739570,BIO-718-010
Arny,De Launde,adelaundera,800461514,CHEM-057-528
Karalee,Duiguid,kduiguidrb,800825103,CHEM-057-528
Jeanie,Loiterton,jloitertonrc,800826012,CHEM-057-528
Nert,Stebbing,nstebbingrd,800175389,CHEM-057-528
Brandtr,Martinovsky,bmartinovskyre,800672737,CHEM-057-528
Artie,Clempton,aclemptonrf,800513657,CHEM-057-528
Golda,Rickarsey,grickarseyrg,800110562,CHEM-057-528
Delia,Amies,damiesrh,800595715,CS-644-651
Dyana,Gummer,dgummerri,800172104,CHEM-207-071
Carolyne,Grills,cgrillsrj,800581740,CHEM-057-528
Franni,Baudinot,fbaudinotrk,800097914,CS-739-904
Jenelle,Collington,jcollingtonrl,800271466,CS-809-072
Faith,Rosingdall,frosingdallrm,800759538,CS-809-072
Perrine,Brinkworth,pbrinkworthrn,800137656,CHEM-057-528
Irina,Iacovucci,iiacovucciro,800969918,CHEM-057-528
Melicent,Bustard,mbustardrp,800391820,CHEM-057-528
Clemmie,Govan,cgovanrq,800575907,CHEM-057-528
Alphard,Normanton,anormantonrr,800202470,CHEM-057-528
